日期,实际收盘价,预测收盘价,实际涨跌幅(%),预测涨跌幅(%),误差,误差率(%)
2023-12-22,110.39,109.63657493450154,-3.3277870216306127,-0.6825120622325025,0.7534250654984618,0.68
2023-12-25,111.25,109.56374216417095,0.7790560739197483,-0.7484897507283726,1.6862578358290534,1.52
2023-12-26,106.96,105.64869010831622,-3.856179775280899,-1.2259815741247009,1.311309891683777,1.23
2023-12-27,107.13,107.06927661639405,0.15893792071801638,-0.056681959867398074,0.060723383605946424,0.06
2023-12-28,109.01,112.10360992723469,1.7548772519369038,2.837913886097303,3.093609927234681,2.84
2023-12-29,112.91,113.72771270004382,3.5776534262911497,0.724216367056789,0.8177127000438276,0.72
2024-01-02,110.61,113.80109659896388,-2.037020635904696,0.78920963507562,3.191096598963881,2.88
2024-01-03,104.99,103.3122028395674,-5.080914926317693,-1.5980542531980084,1.6777971604325899,1.6
2024-01-04,104.0,102.48567115724383,-0.9429469473283159,-1.4560854257270959,1.5143288427561714,1.46
2024-01-05,100.03,96.9610213016413,-3.817307692307692,-3.068058280874437,3.0689786983587055,3.07
2024-01-08,98.8,99.46695364547904,-1.2296311106668067,-0.5628774912735861,0.6669536454790403,0.68
2024-01-09,101.32,103.84040023232383,2.55060728744938,2.4875643824751794,2.520400232323837,2.49
2024-01-10,100.0,99.04161254870887,-1.302803000394781,-0.9583874512911278,0.9583874512911308,0.96
2024-01-11,103.39,106.87806016825739,3.390000000000004,3.3736920091472995,3.488060168257391,3.37
2024-01-12,100.56,98.7854502969753,-2.7372086275268437,-1.7646675646625958,1.7745497030247037,1.76
2024-01-15,101.88,100.07949481981763,1.3126491646777927,-0.4778293359013254,1.8005051801823697,1.77
2024-01-16,100.29,99.97606756985647,-1.5606595995288464,-0.3130246586334953,0.313932430143538,0.31
2024-01-17,99.02,98.34424503219023,-1.2663276498155462,-0.6824429083112126,0.6757549678097661,0.68
2024-01-18,109.83,113.9188892050082,10.91698646738033,3.7229256168698814,4.088889205008201,3.72
2024-01-19,111.0,110.19858907492622,1.065282709642168,-0.7219918243907985,0.8014109250737818,0.72
2024-01-22,111.6,111.61680502935606,0.540540540540535,0.5556802066270795,0.016805029356063983,0.02
2024-01-23,114.0,117.84873063943945,2.1505376344086002,3.3760795082802386,3.8487306394394523,3.38
2024-01-24,113.7,113.45917111855465,-0.2631578947368429,-0.21181080162300397,0.24082888144535275,0.21
2024-01-25,118.35,121.51010032421023,4.089709762532978,2.67013124141127,3.1601003242102337,2.67
2024-01-26,115.96,111.8871858177941,-2.0194338825517577,-3.5122578321885873,4.072814182205889,3.51
2024-01-29,103.82,116.12861536992314,-10.469127285270785,0.14540821828488176,12.308615369923146,11.86
2024-01-30,101.2,99.87004997727169,-2.5235985359275626,-1.314179864356037,1.3299500227283119,1.31
2024-01-31,102.8,103.17331966877936,1.5810276679841806,0.36315142877370044,0.3733196687793594,0.36
2024-02-01,111.05,116.4598647117208,8.025291828793769,4.871557597227183,5.4098647117208,4.87
2024-02-02,109.85,108.35736345132247,-1.0805943268797913,-1.3587952195516888,1.492636548677524,1.36
2024-02-05,112.0,110.19377943634014,1.9572143832498945,0.3129535151025423,1.8062205636598634,1.61
2024-02-06,124.88,134.29059316434098,11.5,7.535708811932242,9.41059316434098,7.54
2024-02-07,124.61,125.15313016803377,-0.21620755925688684,0.43586403020123093,0.5431301680337697,0.44
2024-02-08,127.0,128.63814892775497,1.9179841104245199,1.2898810454763572,1.638148927754969,1.29
2024-02-19,152.4,128.38892602774305,19.999999999999996,1.0936425415299749,24.011073972256952,15.76
2024-02-20,159.5,162.85258902325623,4.658792650918642,2.1019366916967015,3.352589023256229,2.1
2024-02-21,149.96,146.67276146341854,-5.9811912225705255,-2.1920769115640515,3.2872385365814694,2.19
2024-02-22,154.51,156.54295302987202,3.034142437983456,1.3157420425034272,2.032953029872033,1.32
2024-02-23,147.73,148.8519023329932,-4.388065497378813,0.7594275590558538,1.1219023329932156,0.76
2024-02-26,149.03,146.5663855067348,0.8799837541460853,-0.7876629616632916,2.4636144932651973,1.65
2024-02-27,161.94,174.55339241580538,8.662685365362677,7.788929489814353,12.613392415805379,7.79
2024-02-28,149.81,143.99497035239725,-7.490428553785355,-3.8816031290319484,5.815029647602756,3.88
2024-02-29,155.16,164.615028083211,3.571190174220673,6.093727818517028,9.455028083211005,6.09
2024-03-01,161.1,164.05991976714134,3.828306264501169,1.8373182912112553,2.9599197671413435,1.84
2024-03-04,165.66,162.75435182621212,2.830540037243945,1.026909885916892,2.905648173787881,1.75
2024-03-05,169.16,165.38054792937004,2.1127610769045013,-2.2342469086249532,3.779452070629958,2.23
2024-03-06,167.28,167.81595047118185,-1.1113738472452117,0.3203912429350967,0.5359504711818488,0.32
2024-03-07,164.14,160.42253354598577,-1.8770923003347817,-2.2648144596163196,3.7174664540142146,2.26
2024-03-08,174.99,182.31763810658143,6.6102107956622635,4.187461058678448,7.327638106581418,4.19
2024-03-11,170.6,177.9716661603126,-2.5087147837019375,1.703906600555794,7.3716661603126,4.32
2024-03-12,164.85,164.41140544875358,-3.3704572098475993,-0.2660567493153882,0.43859455124641045,0.27
2024-03-13,165.0,167.8596782159082,0.09099181073703999,1.7331383126716369,2.8596782159081897,1.73
2024-03-14,169.53,172.81256618356778,2.74545454545454,1.9362745139903255,3.2825661835677806,1.94
2024-03-15,177.36,180.7783718951066,4.6186515660945116,1.9273634952112104,3.4183718951065885,1.93
2024-03-18,179.99,180.1709465035737,1.4828597203428107,1.5848818806798086,0.18094650357369346,0.1
2024-03-19,173.81,174.5499766492336,-3.433524084671369,0.42573882356226406,0.7399766492335971,0.43
2024-03-20,168.96,169.35513879591986,-2.7904033139635187,0.23386529114575044,0.39513879591984846,0.23
2024-03-21,167.68,167.7694186493605,-0.7575757575757569,0.053326961689215566,0.08941864936048205,0.05
2024-03-22,167.68,166.9544090149228,0.0,-0.43272363136761216,0.7255909850772184,0.43
2024-03-25,166.51,168.64331562271022,-0.6977576335877922,0.5744964352994966,2.133315622710228,1.28
2024-03-26,158.5,158.02952110166882,-4.810521890577135,-0.29683211251177866,0.47047889833118006,0.3
2024-03-27,154.2,148.47909379512197,-2.7129337539432252,-3.7100559045901615,5.72090620487802,3.71
2024-03-28,154.69,155.36322557515854,0.31776913099870185,0.4352094997469324,0.6732255751585399,0.44
2024-03-29,156.56,158.33040984944597,1.2088693516064453,1.1308187592271237,1.7704098494459686,1.13
2024-04-01,163.0,157.3668234338833,4.113438937148706,0.5153445540899954,5.633176566116703,3.46
2024-04-02,162.55,162.40242916400393,-0.27607361963190025,-0.09078488833963012,0.14757083599607768,0.09
2024-04-03,156.1,151.87398862069395,-3.9680098431251976,-2.707246239145461,4.226011379306044,2.71
2024-04-08,164.56,156.11376420259222,5.419602818705971,0.008817554511370618,8.44623579740778,5.13
2024-04-09,164.9,166.72957155772468,0.20661157024792765,1.1095036735746866,1.8295715577246767,1.11
2024-04-10,159.5,153.35840840838395,-3.2747119466343233,-3.8505276436464175,6.141591591616049,3.85
2024-04-11,160.15,161.1791313185096,0.40752351097179673,0.6426046322257749,1.0291313185095987,0.64
2024-04-12,169.33,176.26695126779273,5.7321261317514915,4.096705408251775,6.936951267792722,4.1
2024-04-15,169.5,171.66048100680172,0.100395677080245,1.3762954035325636,2.1604810068017173,1.27
2024-04-16,166.36,163.84711734130715,-1.8525073746312626,-1.5105089316499591,2.5128826586928596,1.51
2024-04-17,174.61,181.18187755843917,4.95912478961289,3.763746382474734,6.571877558439155,3.76
2024-04-18,173.38,170.03655407910827,-0.7044270087623983,-1.928391925765219,3.3434459208917247,1.93
2024-04-19,170.7,167.0272746315293,-1.54573768600762,-2.151567292601448,3.6727253684706795,2.15
2024-04-22,158.36,170.9562468112738,-7.229056824838887,0.1501152965868774,12.596246811273772,7.95
2024-04-23,157.51,160.2842769663533,-0.5367517049760129,1.7613338622013113,2.7742769663533124,1.76
2024-04-24,168.27,167.96749720765905,6.83131229763192,-0.1797722662037004,0.30250279234095956,0.18
2024-04-25,164.15,162.39847546844624,-2.4484459499613753,-1.0670268239742828,1.7515245315537697,1.07
2024-04-26,184.86,194.4654086567994,12.616509290283284,5.196044929568003,9.605408656799398,5.2
2024-04-29,187.7,190.89994538829436,1.536297738829373,3.2673079023554794,3.199945388294367,1.7
2024-04-30,186.31,183.03957392401716,-0.7405434203516137,-1.7553679759448397,3.27042607598284,1.76
2024-05-06,183.22,186.77978716172458,-1.6585261123933215,0.25215348705091106,3.5597871617245858,1.94
2024-05-07,176.79,174.57285519206138,-3.509442200633117,-1.2541121149039065,2.2171448079386096,1.25
2024-05-08,174.8,173.44223639449962,-1.1256292776740673,-0.7767526347256186,1.357763605500395,0.78
2024-05-09,173.18,174.69889432901041,-0.9267734553775719,0.8770610515131108,1.5188943290104078,0.88
2024-05-10,171.2,169.02362812229626,-1.143319089964212,-1.2712452556680773,2.1763718777037298,1.27
2024-05-13,171.55,171.8163393894547,0.20443925233646354,0.36001132561607646,0.2663393894546857,0.16
2024-05-14,165.43,167.06216930285217,-3.567473039930047,0.9866223193206479,1.6321693028521622,0.99
2024-05-15,166.77,166.99588484622038,0.8100102762497841,0.13544693063521962,0.2258848462203673,0.14
2024-05-16,170.5,171.15649210238817,2.2366132997541532,0.38503935623939695,0.6564921023881709,0.39
2024-05-17,170.58,174.84056239396233,0.046920821114371236,2.497691636746581,4.260562393962317,2.5
2024-05-20,176.86,170.6140416206273,3.681557040684713,0.019956396193748296,6.245958379372723,3.53
2024-05-21,177.43,176.88520156364214,0.32228881601266135,-0.3070497865963209,0.5447984363578655,0.31
2024-05-22,173.17,172.55591487999354,-2.400946852279784,-0.3546140324573917,0.6140851200064503,0.35
2024-05-23,173.79,172.55320961761626,0.3580296818155526,-0.7116579678829195,1.236790382383731,0.71
2024-05-24,165.39,162.0597383139495,-4.833419644398418,-2.0135810424151903,3.330261686050477,2.01
2024-05-27,168.39,163.925930120886,1.8138944313440986,-0.8852227336078266,4.464069879113993,2.65
2024-05-28,161.01,158.62223791035876,-4.382683057188663,-1.4829899320795152,2.387762089641228,1.48
2024-05-29,161.0,161.8884720807435,-0.006210794360594907,0.5518460128841716,0.8884720807434974,0.55
2024-05-30,159.97,136.43034293279118,-0.6397515527950315,-14.71504473789387,23.53965706720882,14.72
2024-05-31,157.27,157.16745215289544,-1.6878164655872885,-0.06520496414100763,0.10254784710457443,0.07
2024-06-03,168.35,156.83127653757464,7.045208876454501,-0.2789619523274552,11.518723462425356,6.84
2024-06-04,173.0,175.2219489382881,2.7621027621027583,1.284363548143417,2.221948938288108,1.28
2024-06-05,166.96,165.63743682232138,-3.491329479768779,-0.7921437336359749,1.3225631776786315,0.79
2024-06-06,125.42,124.8803713279349,-24.880210828941063,-0.4302572732140831,0.5396286720651062,0.43
2024-06-07,119.51,113.36967222577296,-4.7121671184819025,-5.137919650428455,6.140327774227046,5.14
2024-06-11,119.01,119.92520560825768,-0.4183750313781265,0.34742331876635346,0.9152056082576792,0.77
2024-06-12,119.21,118.37398576035872,0.16805310478109625,-0.7012953943807267,0.8360142396412726,0.7
2024-06-13,123.7,127.35516978014398,3.7664625450885003,2.954866435039589,3.6551697801439786,2.95
2024-06-14,138.3,144.83430554761102,11.802748585286981,4.724732861613157,6.534305547611012,4.72
2024-06-17,142.51,141.98789518645023,3.0441070137382287,2.666590879573542,0.5221048135497597,0.37
2024-06-18,146.91,150.01358987198748,3.087502631394301,2.112579042942949,3.103589871987481,2.11
2024-06-19,146.0,146.39046786526083,-0.6194268599822972,0.26744374332933774,0.3904678652608311,0.27
2024-06-20,144.7,145.2853749596396,-0.8904109589041198,0.4045438560052465,0.5853749596396085,0.4
2024-06-21,143.0,142.16585388306436,-1.1748445058742174,-0.5833189628920592,0.8341461169356421,0.58
2024-06-24,140.21,143.62090208795146,-1.9510489510489504,0.43419726430170985,3.410902087951456,2.43
2024-06-25,134.9,128.85008899144918,-3.787176378289714,-4.484737589733747,6.049911008550822,4.48
2024-06-26,140.0,144.38432933042776,3.7805782060785775,3.1316638074484033,4.384329330427761,3.13
2024-06-27,136.14,132.00909932940482,-2.757142857142869,-3.034303416038751,4.130900670595167,3.03
2024-06-28,137.88,139.3923162895039,1.2780960775672146,1.096835138891709,1.5123162895039002,1.1
2024-07-01,144.9,138.64789362764782,5.0913838120104415,0.5569289437538626,6.252106372352188,4.31
2024-07-02,145.61,144.42236787949733,0.48999309868875685,-0.8156253832172896,1.187632120502684,0.82
2024-07-03,143.5,139.41815668202455,-1.449076299704699,-2.844490117056073,4.081843317975455,2.84
2024-07-04,143.01,141.59332726737907,-0.34146341463415775,-0.9906109591083927,1.416672732620924,0.99
2024-07-05,141.5,141.8357324466369,-1.0558702188658065,0.23726674673987497,0.3357324466369107,0.24
2024-07-08,144.39,140.8444728423788,2.0424028268551053,-0.4632700760574036,3.545527157621194,2.46
2024-07-09,154.33,158.3104412517754,6.8841332502251,2.579175307312487,3.9804412517753747,2.58
2024-07-10,157.53,161.94567881267395,2.0734789088317163,2.803071676933885,4.415678812673946,2.8
2024-07-11,153.26,155.0428779859569,-2.7105948073382957,1.163302874825077,1.782877985956901,1.16
2024-07-12,150.12,146.92925058945545,-2.04880595067205,-2.125465900975598,3.190749410544555,2.13
2024-07-15,149.58,149.7740414045914,-0.3597122302158251,-0.23045469984585443,0.1940414045913883,0.13
2024-07-16,148.12,149.54583258291458,-0.9760663190266139,0.9626198912466845,1.4258325829145804,0.96
2024-07-17,141.71,137.8275324767979,-4.327572238725352,-2.7397272762699205,3.8824675232021093,2.74
2024-07-18,140.0,144.41093788096458,-1.206689718439069,3.150669914974699,4.410937880964582,3.15
2024-07-19,134.98,132.4516747835851,-3.585714285714292,-1.8731109915653341,2.528325216414885,1.87
2024-07-22,134.6,133.65264101085927,-0.28152318862053605,-0.983374565965861,0.9473589891407244,0.7
2024-07-23,130.92,128.05301822822094,-2.73402674591382,-2.1898730306897805,2.8669817717790522,2.19
2024-07-24,130.34,129.95079282486344,-0.4430186373357681,-0.2986091569253995,0.389207175136562,0.3
2024-07-25,122.27,116.79982331949464,-6.191499156053403,-4.473850233504014,5.470176680505361,4.47
2024-07-26,124.25,125.16011861572541,1.6193669747280648,0.732489831569747,0.9101186157254091,0.73
2024-07-29,129.59,124.25361387442592,4.297786720321928,0.0029085508458070036,5.33638612557408,4.12
2024-07-30,127.66,127.81941394481775,-1.4893124469480767,0.12487384052776333,0.15941394481775717,0.12
2024-07-31,129.5,132.92314086917233,1.441328528904906,2.64335202252691,3.423140869172329,2.64
2024-08-01,129.9,129.72758467653242,0.3088803088803216,-0.13272927133762408,0.1724153234675896,0.13
2024-08-02,118.98,112.43914938295063,-8.406466512702082,-5.497437062573024,6.540850617049372,5.5
2024-08-05,110.12,116.53666149829772,-7.4466296856614544,-2.0535707696270626,6.416661498297714,5.83
2024-08-06,114.48,115.9059199548899,3.9593171086087953,1.2455625042713927,1.425919954889892,1.25
2024-08-07,113.32,111.98752494518847,-1.0132774283717727,-1.175851619141835,1.3324750548115247,1.18
2024-08-08,110.5,108.32089114136711,-2.4885280621249506,-1.9720442159573548,2.179108858632887,1.97
2024-08-09,112.53,113.77585517286204,1.837104072398188,1.1071315852324202,1.2458551728620364,1.11
2024-08-12,113.35,112.66439214553898,0.7286945703367964,0.11942783750021214,0.6856078544610114,0.6
2024-08-13,116.94,118.09263693553244,3.1671812968681046,0.985665243314882,1.152636935532442,0.99
2024-08-14,115.78,114.3565811967986,-0.9919616897554273,-1.2294168277780295,1.4234188032014004,1.23
2024-08-15,115.1,115.50061485767564,-0.5873207807911562,0.348058086599174,0.40061485767564875,0.35
2024-08-16,119.96,123.1649421042724,4.222415291051251,2.6716756454421575,3.204942104272405,2.67
2024-08-19,121.64,120.74131830156611,1.4004668222741046,0.6513156898683906,0.8986816984338901,0.74
2024-08-20,121.69,118.90067095798855,0.04110489970403641,-2.2921596203561956,2.7893290420114454,2.29
2024-08-21,122.22,121.79621489235929,0.4355329114964279,-0.346739574243752,0.4237851076407111,0.35
2024-08-22,121.39,119.71345559301646,-0.6791032564228416,-1.3811223387293323,1.6765444069835382,1.38
2024-08-23,119.92,116.05813342745002,-1.2109728972732547,-3.2203690564959913,3.861866572549985,3.22
2024-08-26,114.34,119.30121873554586,-4.653102068045367,-0.515995050412058,4.961218735545856,4.34
2024-08-27,113.25,111.9836185962876,-0.9532971838376758,-1.1182175750219823,1.2663814037124013,1.12
2024-08-28,112.56,111.6481663473197,-0.6092715231788004,-0.8100867561125646,0.9118336526803006,0.81
2024-08-29,106.64,104.72073935482581,-5.25941719971571,-1.7997567940493064,1.919260645174191,1.8
2024-08-30,108.9,111.03472666707036,2.119279819954989,1.9602632388157553,2.1347266670703533,1.96
2024-09-02,104.13,108.9128659473831,-4.38016528925621,0.011814460406867802,4.782865947383101,4.59
2024-09-03,105.31,105.72356615702446,1.1331988860078912,0.392713091847356,0.4135661570244622,0.39
2024-09-04,101.9,100.46227238733883,-3.2380590637166473,-1.4109201301876075,1.4377276126611775,1.41
2024-09-05,101.67,100.98580767511163,-0.22571148184494794,-0.6729539932018941,0.6841923248883717,0.67
2024-09-06,99.42,97.40260031046039,-2.2130421953378554,-2.0291688689796903,2.017399689539616,2.03
2024-09-09,102.0,98.77310317334633,2.5950512975256412,-0.6506707168111722,3.2268968266536717,3.16
2024-09-10,106.43,107.12525175558065,4.343137254901963,0.6532479146675159,0.6952517555806423,0.65
2024-09-11,106.18,106.96440709852291,-0.23489617589025347,0.7387522118317142,0.7844070985229052,0.74
2024-09-12,108.0,107.67539466557162,1.7140704464117418,-0.30056049484109243,0.3246053344283837,0.3
2024-09-13,115.94,117.16591651850123,7.351851851851854,1.0573715012085987,1.2259165185012364,1.06
2024-09-18,113.64,116.53976850849196,-1.9837847162325284,0.517309391488672,2.8997685084919596,2.55
2024-09-19,110.03,108.95989222507382,-3.1766983456529396,-0.9725600062948232,1.0701077749261856,0.97
2024-09-20,109.0,108.72564317785753,-0.9361083340907017,-0.25170350655272106,0.27435682214246526,0.25
2024-09-23,108.9,108.65437715607216,-0.09174311926605228,-0.3170851779154523,0.2456228439278476,0.23
2024-09-24,122.16,129.5483085784032,12.176308539944891,6.04805875769746,7.388308578403212,6.05
2024-09-25,121.99,123.11857231142618,-0.13916175507531214,0.9251351024068974,1.1285723114261828,0.93
2024-09-26,129.68,133.50961054397192,6.303795393065026,2.9531234916501616,3.82961054397191,2.95
2024-09-27,133.6,145.71516120467248,3.0228254164096136,9.068234434635098,12.11516120467249,9.07
2024-09-30,154.86,134.00340807724535,15.913173652694624,0.30195215362677214,20.85659192275466,13.47
2024-10-08,185.83,155.93163485321264,19.998708510913076,0.692002359042115,29.89836514678737,16.09
2024-10-09,166.4,147.7865058977296,-10.455792929021147,-11.185994051845208,18.61349410227041,11.19
2024-10-10,162.71,151.9385355207211,-2.2175480769230704,-6.620038399163475,10.771464479278904,6.62
2024-10-11,159.64,150.56760624695613,-1.8867924528301994,-5.683032919721771,9.072393753043855,5.68
2024-10-14,162.0,158.62168570537463,1.4783262340265724,-0.6378816678936133,3.378314294625369,2.09
2024-10-15,157.8,153.6048048906433,-2.592592592592591,-2.6585520338128754,4.1951951093567175,2.66
2024-10-16,148.7,145.9376093877905,-5.7667934093789786,-1.8576937540077303,2.7623906122094866,1.86
2024-10-17,150.5,150.65519039178153,1.210490921318108,0.10311653938971825,0.15519039178153093,0.1
2024-10-18,168.0,183.1828784775641,11.627906976744185,9.037427665216724,15.182878477564088,9.04
2024-10-21,164.97,171.89568433855155,-1.8035714285714266,2.3188597253283096,6.925684338551548,4.2
2024-10-22,170.0,175.41365817637526,3.049039219251992,3.1845048096325037,5.4136581763752645,3.18
2024-10-23,156.16,152.7046089602151,-8.14117647058824,-2.212724794944226,3.4553910397848995,2.21
2024-10-24,157.1,160.03123471355272,0.6019467213114638,1.865840046819052,2.931234713552726,1.87
2024-10-25,156.36,162.4796030176692,-0.4710375556969959,3.9137906227098815,6.119603017669192,3.91
2024-10-28,150.54,156.55046048183985,-3.722179585571772,0.12180895487325034,6.010460481839857,3.99
2024-10-29,143.47,139.9387866197525,-4.696426199016868,-2.4612904302275744,3.531213380247493,2.46
2024-10-30,141.25,140.34485793274203,-1.547361817801629,-0.640808543191479,0.9051420672579695,0.64
2024-10-31,143.02,143.04309272934483,1.2530973451327476,0.016146503527356748,0.023092729344824647,0.02
2024-11-01,140.73,134.39935958211584,-1.6011746608866062,-4.498429913937427,6.330640417884155,4.5
2024-11-04,143.15,140.1517758290109,1.7196049172173877,-0.41087484615156794,2.9982241709891184,2.09
2024-11-05,148.29,156.29665724403,3.5906391896611822,5.399323787194015,8.00665724403001,5.4
2024-11-06,142.9,141.18201350986945,-3.6347697080045815,-1.202229874129155,1.7179864901305564,1.2
2024-11-07,145.08,150.29643828047588,1.5255423372988242,3.5955598845298287,5.21643828047587,3.6
2024-11-08,142.21,142.4055063802591,-1.9782189137027895,0.13747723806983592,0.19550638025910416,0.14
2024-11-11,144.9,141.70854025193495,1.8915688066943215,-0.35261918856977026,3.191459748065057,2.2
2024-11-12,147.5,148.0998692936361,1.7943409247757058,0.40669104653293914,0.5998692936360897,0.41
2024-11-13,156.3,160.2979140675053,5.966101694915271,2.557846492325853,3.9979140675052918,2.56
2024-11-14,148.81,141.046976698589,-4.792066538707617,-5.216734964996318,7.76302330141101,5.22
2024-11-15,140.5,131.11447262974704,-5.584302130233187,-6.6800906549843155,9.385527370252959,6.68
2024-11-18,132.01,138.9957367545386,-6.042704626334528,-1.0706499967696883,6.985736754538607,5.29
2024-11-19,134.8,140.3292504480691,2.113476251799118,4.101817839813867,5.529250448069092,4.1
2024-11-20,138.14,142.1284025555126,2.47774480712164,2.8872177179040106,3.9884025555126073,2.89
2024-11-21,133.8,131.94255728263136,-3.1417402635007807,-1.3882232566282886,1.8574427173686558,1.39
2024-11-22,132.28,127.44529552876367,-1.136023916292983,-3.654902079858137,4.834704471236336,3.65
2024-11-25,125.0,132.06700495105432,-5.503477472029028,-0.16101833152832568,7.067004951054315,5.65
2024-11-26,127.04,124.61265496802748,1.6320000000000112,-1.9106935075350446,2.4273450319725214,1.91
2024-11-27,128.69,130.45121288056066,1.2988035264483555,1.3685701146636597,1.761212880560663,1.37
2024-11-28,124.79,122.39274064029833,-3.030538503380209,-1.921034826269472,2.3972593597016782,1.92
2024-11-29,126.73,130.11767686015315,1.5546117477361898,2.6731451591202924,3.3876768601531495,2.67
2024-12-02,132.03,127.27845763946692,4.18211946658249,0.4327764850208526,4.7515423605330795,3.6
2024-12-03,130.0,129.07362170803367,-1.5375293493902875,-0.7125986861279493,0.9263782919663299,0.71
2024-12-04,128.02,125.1685958209528,-1.523076923076916,-2.227311497459152,2.8514041790472078,2.23
2024-12-05,131.84,134.869064403984,2.983908764255583,2.2975306462257326,3.0290644039839947,2.3
2024-12-06,131.51,132.93193538759297,-0.2503033980582603,1.0812374630012853,1.4219353875929812,1.08
2024-12-09,125.1,131.1819280258625,-4.874154056725722,-0.24946542022469015,6.08192802586251,4.86
2024-12-10,123.15,122.15475324625427,-1.5587529976019088,-0.8081581435206826,0.9952467537457323,0.81
2024-12-11,125.13,126.34288125276191,1.6077953714981552,0.9692969333988063,1.2128812527619175,0.97
2024-12-12,130.17,133.02845641025718,4.027811076480448,2.1959410081103248,2.8584564102571903,2.2
2024-12-13,127.1,123.3310468768834,-2.35845432895444,-2.965344707408804,3.7689531231165887,2.97
2024-12-16,122.8,126.59236677349591,-3.3831628638867017,-0.39939671636827934,3.792366773495914,3.09
2024-12-17,125.99,124.2720187564557,2.5977198697068493,-1.3635853984794837,1.7179812435443012,1.36
2024-12-18,123.43,122.22914196438805,-2.0319072942296956,-0.972906129475781,1.200858035611958,0.97
2024-12-19,127.04,126.44397977596215,2.9247346674228236,-0.4691594962514612,0.5960202240378578,0.47
2024-12-20,127.1,127.27216978724732,0.04722921914357414,0.13546010011590776,0.17216978724732712,0.14
2024-12-23,132.59,126.78112906323621,4.319433516915816,-0.2508819329376703,5.808870936763796,4.38
2024-12-24,131.61,132.36619855558124,-0.7391205973301118,0.5745753024703366,0.7561985555812214,0.57
2024-12-25,134.99,135.43736716050083,2.5681939062381254,0.3314076305658338,0.4473671605008178,0.33
2024-12-26,140.8,144.4654457652535,4.30402252018669,2.6032995491857016,3.66544576525348,2.6
2024-12-27,136.85,135.08387016555128,-2.8053977272727404,-1.290558885238379,1.7661298344487193,1.29
2024-12-30,131.18,135.61202395817,-4.143222506393851,-0.904622610032882,4.432023958169992,3.38
2024-12-31,123.51,118.58020456261946,-5.846927885348374,-3.9914140048421545,4.929795437380548,3.99
2025-01-02,122.11,122.80442685174123,-1.1335114565622306,-0.5712680335671458,0.6944268517412269,0.57
2025-01-03,123.01,119.1307560836259,0.7370403734337838,-3.1536004522999,3.879243916374108,3.15
2025-01-06,125.49,123.02485182665104,2.0160962523372072,0.012073674214315544,2.4651481733489504,1.96
2025-01-07,128.35,133.00960140143872,2.279066061040713,3.6303867560878165,4.659601401438721,3.63
2025-01-08,124.22,121.49362974969407,-3.217763926762751,-2.1947917004555864,2.7263702503059335,2.19
2025-01-09,121.51,120.38580634462598,-2.181613266784732,-0.9251861207917376,1.1241936553740288,0.93
2025-01-10,113.13,108.98627370609255,-6.896551724137934,-3.66280057801418,4.143726293907449,3.66
2025-01-13,110.8,111.1709373197222,-2.059577477238572,-1.7316915763084888,0.3709373197222021,0.33
2025-01-14,114.35,119.54085077494823,3.203971119133575,4.539440992521408,5.190850774948231,4.54
2025-01-15,110.54,107.24197365123634,-3.3318758198513265,-2.9835592082175415,3.2980263487636705,2.98
2025-01-16,119.49,128.41959488962706,8.096616609372154,7.473089705939482,8.929594889627069,7.47
2025-01-17,116.9,119.58825647313441,-2.1675454012888062,2.2996205929293407,2.688256473134402,2.3
2025-01-20,119.16,115.79606307321644,1.9332763045337709,-0.9443429655975666,3.363936926783552,2.82
2025-01-21,119.56,119.95281154107664,0.33568311513931803,0.32854762552412553,0.3928115410766395,0.33
2025-01-22,132.0,133.64867045667654,10.404817664770816,1.248992770209514,1.648670456676541,1.25
2025-01-23,127.75,127.07293076356682,-3.2196969696969724,-0.5299954884017173,0.6770692364331836,0.53
2025-01-24,128.25,130.39479368958777,0.391389432485334,1.6723537540645306,2.1447936895877717,1.67
2025-01-27,114.82,128.91864461687916,-10.471734892787532,0.521360325051988,14.09864461687917,12.28
2025-02-05,98.25,114.49759893948718,-14.431283748475865,-0.28078824291310406,16.247598939487176,16.54
2025-02-06,101.0,103.75355242490008,2.7989821882951738,2.7262895296040264,2.7535524249000787,2.73
2025-02-07,107.78,112.8545196248949,6.712871287128719,4.708220101034418,5.074519624894904,4.71
2025-02-10,110.62,109.31474725104904,2.6349972165522484,1.4239629347272584,1.3052527489509629,1.18
2025-02-11,111.5,112.68521885047078,0.7955161815223155,1.0629765475074306,1.1852188504707755,1.06
2025-02-12,111.9,114.38819516333548,0.35874439461884844,2.2235881709879046,2.488195163335476,2.22
2025-02-13,108.12,105.88065710809201,-3.3780160857908803,-2.0711643469367313,2.239342891907995,2.07
2025-02-14,107.43,108.32329182617524,-0.6381798002219718,0.8315105893839958,0.8932918261752292,0.83
2025-02-17,115.56,107.62841394903823,7.56771851438145,0.18469137953850906,7.931586050961769,6.86
2025-02-18,113.59,112.13162644638285,-1.7047421253028716,-1.283892555345665,1.4583735536171503,1.28
2025-02-19,114.24,116.8273973913621,0.572233471256256,2.2648786689094016,2.587397391362103,2.26
2025-02-20,114.44,117.47282880543347,0.17507002801120386,2.6501475056216868,3.032828805433468,2.65
2025-02-21,118.73,122.75806176740983,3.748689269486194,3.3926234038657723,4.028061767409824,3.39
2025-02-24,114.5,119.40014706828751,-3.5627052977343587,0.5644294350943291,4.9001470682875095,4.28
2025-02-25,111.35,110.43676564773956,-2.751091703056774,-0.8201475996950445,0.9132343522604316,0.82
2025-02-26,112.22,114.6658268109197,0.7813201616524434,2.179492791765903,2.445826810919698,2.18
2025-02-27,108.18,106.17659631965576,-3.600071288540363,-1.851916879593506,2.003403680344249,1.85
2025-02-28,100.87,91.85543445601661,-6.7572564244777205,-8.936815251297112,9.014565543983394,8.94
2025-03-03,102.77,100.28157708156786,1.8836125706354734,-0.5833477926362175,2.4884229184321356,2.42
2025-03-04,102.46,101.65429145629712,-0.30164444876910057,-0.7863639895596994,0.8057085437028775,0.79
2025-03-05,103.46,104.4814556790126,0.9759906304899424,0.987295262915721,1.021455679012604,0.99
2025-03-06,105.17,107.71392307037229,1.6528126812294763,2.418867614692669,2.543923070372287,2.42
2025-03-07,102.24,99.15090004338258,-2.785965579537897,-3.021420145361322,3.0890999566174173,3.02
2025-03-10,102.38,101.13227631501024,0.13693270735524177,-1.0834543084798083,1.2477236849897508,1.22
2025-03-11,101.78,101.21891372199808,-0.5860519632740702,-0.5512736077833709,0.5610862780019232,0.55
2025-03-12,102.36,102.78028511682534,0.5698565533503563,0.4105950731001799,0.4202851168253403,0.41
2025-03-13,102.49,102.04254505415288,0.12700273544352658,-0.43658400414393117,0.4474549458471131,0.44
2025-03-14,103.99,106.94462275852976,1.4635574202361168,2.8412566194150926,2.9546227585297657,2.84
2025-03-17,104.26,104.10474255530134,0.25964035003367414,0.11033998971183052,0.15525744469866254,0.15
2025-03-18,108.86,109.87612976805273,4.4120468060617535,0.93342804340687,1.0161297680527355,0.93
2025-03-19,104.98,100.9765332713197,-3.564210913099386,-3.813551846713945,4.0034667286803085,3.81
2025-03-20,105.0,104.9072627371793,0.019051247856727294,-0.0883212026863794,0.09273726282070527,0.09
2025-03-21,102.45,100.16983534753857,-2.4285714285714244,-2.225636556819363,2.280164652461437,2.23
2025-03-24,102.88,102.01069016066602,0.4197169350902863,-0.42880413795410544,0.8693098393339795,0.84
2025-03-25,102.0,102.37851493676555,-0.8553654743390315,0.37109307526034657,0.3785149367655549,0.37
2025-03-26,101.08,101.0579308135359,-0.9019607843137267,-0.021833385896421073,0.02206918646409406,0.02
2025-03-27,99.12,97.58129334517399,-1.939058171745145,-1.5523674887268164,1.538706654826015,1.55
2025-03-28,97.41,96.14231271175723,-1.7251815980629637,-1.3013933766992751,1.2676872882427688,1.3
2025-03-31,98.64,96.91573026177285,1.2627040344933782,-0.5074117012905724,1.7242697382271501,1.75
2025-04-01,98.61,97.76252549834133,-0.030413625304137604,-0.8594204458560643,0.8474745016586667,0.86
2025-04-02,99.76,101.14778010650471,1.1662103234966192,1.391118791604572,1.3877801065047066,1.39
2025-04-03,93.88,89.4330102785753,-5.8941459502806826,-4.736887219242335,4.4469897214247,4.74
2025-04-07,75.1,93.12144483108011,-20.004260758415004,-0.8080050798038765,18.021444831080117,24.0
2025-04-08,72.28,71.55385533012424,-3.7549933422103776,-1.0046273794628728,0.7261446698757652,1.0
2025-04-09,71.99,71.85091621929331,-0.4012174875484331,-0.19319875080799576,0.13908378070668448,0.19
2025-04-10,77.49,81.0940409539818,7.6399499930545955,4.650975550370124,3.6040409539818086,4.65
2025-04-11,78.37,80.44638303884018,1.1356304039231047,2.6494615782061692,2.076383038840177,2.65
2025-04-14,81.54,79.14552572935814,4.044915146101835,0.9895696431773978,2.394474270641865,2.94
2025-04-15,80.17,80.4774547286601,-1.680156978170233,0.38350346595996704,0.3074547286601046,0.38
2025-04-16,77.99,76.3211953394174,-2.719221653985293,-2.139767483757665,1.6688046605825946,2.14
2025-04-17,77.61,77.8108309433542,-0.48724195409667326,0.2587694154802242,0.20083094335420526,0.26
2025-04-18,79.14,80.43107986596715,1.9713954387321264,1.6313872453464258,1.2910798659671485,1.63
2025-04-21,81.19,80.10940793311977,2.5903462218852535,1.2249278912304273,1.0805920668802287,1.33
2025-04-22,80.07,80.1624804994347,-1.3794802315556187,0.11549956217647911,0.09248049943469994,0.12
2025-04-23,83.52,87.02673163584343,4.3087298613712965,4.198672935636286,3.506731635843437,4.2
2025-04-24,81.33,80.0672149118462,-2.622126436781602,-1.5526682505272305,1.2627850881538052,1.55
2025-04-25,85.27,86.40204344277929,4.844460838558962,1.3275987366943591,1.1320434427792918,1.33
2025-04-28,83.39,86.28164089310096,-2.204761346311712,1.1863972007751387,2.8916408931009556,3.47
2025-04-29,83.09,83.10309269244458,-0.3597553663508779,0.01575724208037002,0.013092692444573117,0.02
2025-04-30,83.49,85.01029105331584,0.48140570465760035,1.8209259232433241,1.5202910533158445,1.82
2025-05-06,86.65,83.72851505322546,3.7848844172954976,0.2856809836213633,2.921484946774541,3.37
2025-05-07,86.65,87.03093256145544,0.0,0.4396221136242609,0.3809325614554382,0.44
2025-05-08,96.49,100.86620489434584,11.356030005770323,4.535397341015488,4.376204894345847,4.54
2025-05-09,94.8,94.18205916036496,-1.7514768369779277,-0.6518363287289464,0.6179408396350397,0.65
2025-05-12,97.27,94.59437207073053,2.605485232067517,-0.21690709838552208,2.675627929269467,2.75
2025-05-13,96.43,97.22481966993713,-0.8635756142695517,0.8242452244499965,0.7948196699371266,0.82
2025-05-14,98.39,99.93217943952688,2.032562480555833,1.5674148180982643,1.5421794395268762,1.57
2025-05-15,94.12,91.59270434509277,-4.339871938205098,-2.685184503726344,2.5272956549072347,2.69
2025-05-16,97.83,98.68237277447045,3.941776455588597,0.871279540499291,0.852372774470453,0.87
2025-05-19,95.28,99.18819621763231,-2.6065624041704982,1.3883228228890165,3.908196217632309,4.1
2025-05-20,95.96,98.0902148846759,0.713685978169587,2.2198987960357366,2.130214884675908,2.22
2025-05-21,95.73,98.29625349450714,-0.23968320133387344,2.6807202491456583,2.566253494507137,2.68
2025-05-22,94.46,93.47716078830379,-1.32664786378357,-1.0404819094814826,0.9828392116962021,1.04
2025-05-23,91.87,90.1660306802311,-2.7419013338979337,-1.8547614234993939,1.7039693197689019,1.85
2025-05-26,92.36,91.60560755748095,0.5333623598563042,-0.2877897491227385,0.7543924425190482,0.82
2025-05-27,90.16,89.54162677811387,-2.3819835426591607,-0.6858620473448614,0.6183732218861309,0.69
2025-05-28,92.62,93.74732027027486,2.728482697426804,1.217145616794268,1.1273202702748506,1.22
2025-05-29,94.94,98.11249245207884,2.504858561865686,3.341576208214499,3.172492452078842,3.34
2025-05-30,93.55,92.49818253732005,-1.4640825784706157,-1.1243372129128335,1.0518174626799492,1.12
2025-06-03,91.76,93.65996391598252,-1.9134152859433429,0.11754560767774254,1.8999639159825108,2.07
2025-06-04,97.3,100.18950548057956,6.037489102005211,2.9696870304003804,2.889505480579558,2.97
2025-06-05,102.88,105.73466414934215,5.73484069886947,2.7747513115689726,2.854664149342156,2.77
2025-06-06,103.45,104.25134767933679,0.5540435458786908,0.7746231796392353,0.8013476793367857,0.77
2025-06-09,108.55,104.12795076765921,4.929917834702757,0.6553414863791276,4.4220492323407825,4.07
2025-06-10,107.77,106.7896856585235,-0.7185628742514938,-0.9096356513654007,0.9803143414765003,0.91
2025-06-11,107.98,108.02242670968565,0.19485942284496183,0.039291266610153724,0.04242670968564255,0.04
2025-06-12,116.0,120.93042885006825,7.4273013521022335,4.250369698334696,4.930428850068253,4.25
2025-06-13,116.65,115.4155538998108,0.5603448275862011,-1.0582478355672482,1.2344461001892029,1.06
2025-06-16,120.57,117.12561439445965,3.3604800685812064,0.4077277277836497,3.4443856055403472,2.86
2025-06-17,119.36,119.22628588007537,-1.003566392966737,-0.11202590476259681,0.13371411992463322,0.11
2025-06-18,125.06,126.83265384624045,4.775469168900814,1.4174427044941944,1.7726538462404449,1.42
2025-06-19,128.3,127.05508755634065,2.590756436910291,-0.9703136739355847,1.2449124436593593,0.97
2025-06-20,129.5,127.04503182026053,0.9353078721745733,-1.8957283241231395,2.454968179739467,1.9
2025-06-23,127.09,130.0280677154063,-1.8610038610038626,0.4077742976110514,2.938067715406305,2.31
2025-06-24,125.25,127.91988885318726,-1.4477929026673997,2.1316477869758494,2.6698888531872598,2.13
2025-06-25,125.73,128.78245530378027,0.3832335329341241,2.42778597294223,3.0524553037802633,2.43
2025-06-26,129.7,130.7989870436444,3.157559850473235,0.8473300259401773,1.0989870436443994,0.85
2025-06-27,138.4,140.8818508548437,6.707787201233639,1.7932448373147944,2.4818508548436853,1.79
2025-06-30,145.86,140.7500476509475,5.3901734104046195,1.6980113084880863,5.10995234905252,3.5
2025-07-01,145.3,145.46933328466818,-0.38392979569450425,0.11654045744539725,0.16933328466816988,0.12
2025-07-02,138.93,133.13259284965315,-4.384033035099799,-4.172897970450478,5.7974071503468565,4.17
2025-07-03,142.26,146.80838348931368,2.3968905204059476,3.1972328759410247,4.548383489313693,3.2
2025-07-04,139.45,136.8763509519759,-1.9752565724729387,-1.845571206901467,2.5736490480240946,1.85
2025-07-07,135.15,139.3330487373556,-3.0835424883470686,-0.08386609009994674,4.183048737355591,3.1
2025-07-08,144.88,154.17470956265316,7.199408065112833,6.415453867099106,9.294709562653168,6.42
2025-07-09,145.3,148.58272857788776,0.28989508558807664,2.2592763784499392,3.2827285778877524,2.26
2025-07-10,146.59,148.85770214606768,0.887818306951127,1.5469691971264685,2.267702146067677,1.55
2025-07-11,145.28,144.83478653274105,-0.8936489528617253,-0.30645200114190163,0.4452134672589523,0.31
2025-07-14,149.82,145.58007501628668,3.125,0.20654943301671502,4.239924983713308,2.83
2025-07-15,174.81,185.05171128446503,16.680016019223064,5.858767395723947,10.241711284465026,5.86
2025-07-16,170.76,170.72298009606368,-2.3168010983353415,-0.02167949398941109,0.03701990393631149,0.02
2025-07-17,176.85,180.91784713988915,3.5664089950808275,2.30016801803174,4.067847139889153,2.3
2025-07-18,180.62,180.96962931963378,2.131750070681382,0.19357176372150597,0.3496293196337774,0.19
2025-07-21,187.95,181.8226646518085,4.058243826818719,0.6658535332790005,6.12733534819148,3.26
2025-07-22,184.44,186.1102355467686,-1.8675179569034306,0.905571213819441,1.6702355467685948,0.91
2025-07-23,186.18,188.41506253288168,0.9433962264151052,1.2004847636060239,2.2350625328816704,1.2
2025-07-24,185.2,184.72637035799684,-0.5263723278547738,-0.2557395475179009,0.4736296420031465,0.26
2025-07-25,185.22,186.54273482559736,0.01079913606911731,0.7141425470237353,1.3227348255973652,0.71
2025-07-28,191.87,186.2430031157827,3.5903250188964453,0.5523178467674561,5.626996884217306,2.93
2025-07-29,209.93,225.04519401026513,9.412623130244446,7.200111470616463,15.115194010265128,7.2
2025-07-30,210.6,208.41825215650312,0.31915400371551605,-1.0359676369880784,2.181747843496879,1.04
2025-07-31,217.61,222.3136169517415,3.328584995251682,2.1614893395255135,4.7036169517414805,2.16
2025-08-01,210.63,213.55302034497703,-3.2075731813795416,1.3877511963998717,2.923020344977033,1.39
2025-08-04,208.42,209.49020354553798,-1.049233252623083,-0.5411368059925,1.0702035455379928,0.51
2025-08-05,210.92,210.10328421838489,1.1995010075808388,-0.3872159025294472,0.8167157816151018,0.39
2025-08-06,210.52,213.4643718089304,-0.189645363170865,1.3986185677989686,2.9443718089303843,1.4
2025-08-07,208.46,207.0608029439517,-0.9785293558806751,-0.6712064933552289,1.3991970560483082,0.67
2025-08-08,209.3,210.34344401105344,0.4029550033579632,0.4985399001688569,1.043444011053424,0.5
2025-08-11,214.75,210.45788305641722,2.6039178213091096,0.5532169404764437,4.2921169435827835,2.0
2025-08-12,225.68,231.20649452827195,5.0896391152502884,2.4488189153987734,5.5264945282719395,2.45
2025-08-13,252.0,270.14838850722276,11.662531017369716,7.20174147112014,18.148388507222762,7.2
2025-08-14,239.47,232.14525559724535,-4.972222222222222,-3.05873153328378,7.324744402754646,3.06
2025-08-15,238.05,242.0789900765321,-0.5929761556771163,1.6924974066507428,4.0289900765320965,1.69
2025-08-18,260.0,239.08123159070996,9.220751942869132,0.43319957601762565,20.91876840929004,8.05
2025-08-19,275.5,287.80847964932525,5.961538461538463,4.46768771300373,12.30847964932525,4.47
2025-08-20,267.79,267.3766737627848,-2.798548094373854,-0.15434715157969658,0.4133262372152444,0.15
2025-08-21,265.22,260.32902818841615,-0.9597072332798051,-1.8441187736912321,4.890971811583881,1.84
2025-08-22,278.9,287.32568377911224,5.157982052635535,3.0210411542173765,8.425683779112262,3.02
2025-08-25,320.0,281.7619507605208,14.736464682681971,1.0261566011189722,38.23804923947921,11.95
2025-08-26,314.0,327.3588549637481,-1.8750000000000044,4.254412408836974,13.358854963748115,4.25
2025-08-27,325.1,330.1032536446356,3.535031847133774,1.5389891247725527,5.003253644635549,1.54
2025-08-28,359.03,392.1181527731106,10.436788680406007,9.215985509041195,33.08815277311061,9.22
2025-08-29,354.92,375.98101326254226,-1.1447511350026307,5.934017035541046,21.061013262542247,5.93
2025-09-01,406.1,353.1195919045154,14.420151019948158,-0.5072715247054504,52.98040809548462,13.05
2025-09-02,384.0,363.4653311105158,-5.442009357301158,-5.3475700233031755,20.53466888948418,5.35
2025-09-03,426.19,437.4951225831897,10.986979166666666,2.652601558738993,11.3051225831897,2.65
2025-09-04,369.14,337.6081480314868,-13.38604847603182,-8.54197647735634,31.531851968513195,8.54
2025-09-05,407.0,437.05712279273143,10.25627133336946,7.385042455216568,30.057122792731434,7.39
2025-09-08,369.99,417.4029067706828,-9.093366093366095,2.555996749553505,47.41290677068281,12.81
2025-09-09,359.29,348.87773002131456,-2.8919700532446746,-2.8980127414304455,10.412269978685458,2.9
2025-09-10,385.0,398.4648246900588,7.155779453923006,3.497357062352928,13.464824690058776,3.5
2025-09-11,439.97,482.63070307813973,14.277922077922089,9.696275445630315,42.660703078139704,9.7
2025-09-12,422.09,411.3088087583828,-4.063913448644241,-2.5542399113026106,10.781191241617194,2.55
2025-09-15,408.02,423.37121842370055,-3.3334123054324927,0.3035415251961832,15.351218423700573,3.76
2025-09-16,411.42,419.12974286357957,0.8332924856624846,1.8739348752076996,7.7097428635795495,1.87
2025-09-17,406.2,419.79289875240613,-1.2687764328423556,3.3463561675052023,13.592898752406143,3.35
2025-09-18,409.4,404.7773384978843,0.7877892663712416,-1.129130801689228,4.6226615021157045,1.13
2025-09-19,421.5,431.54175372339944,2.955544699560342,2.38238522500581,10.041753723399438,2.38
2025-09-22,418.0,428.595250999454,-0.8303677342823224,1.6833335704517194,10.595250999453981,2.53
2025-09-23,434.29,441.79270129478726,3.8971291866028768,1.727578644405186,7.502701294787244,1.73
2025-09-24,423.5,428.5860290034829,-2.484514955444528,1.2009513585555858,5.086029003482906,1.2
2025-09-25,434.6,441.7309186066312,2.6210153482880916,1.6408004156997518,7.130918606631155,1.64
2025-09-26,413.7,397.2444990208469,-4.809019788311097,-3.977641039195808,16.4555009791531,3.98
2025-09-29,416.75,412.65173980230065,0.7372492144065879,-0.2533865597532895,4.0982601976993465,0.98
2025-09-30,403.68,396.3381497427623,-3.1361727654469096,-1.8187302460458048,7.341850257237695,1.82
2025-10-09,398.81,407.17221026321107,-1.206401109789934,0.8650937037284764,8.362210263211068,2.1
2025-10-10,390.0,375.55487260817375,-2.209071989167777,-3.7038788184169786,14.445127391826247,3.7
2025-10-13,376.99,392.5066602472224,-3.335897435897428,0.6427333967236847,15.516660247222376,4.12
2025-10-14,346.1,329.2687190079918,-8.193851295790333,-4.863126550710249,16.831280992008203,4.86
2025-10-15,354.12,362.0573978660493,2.3172493498988755,2.2414429758413132,7.937397866049309,2.24
2025-10-16,366.97,372.7278368985357,3.6287134304755497,1.5690211457437053,5.757836898535686,1.57
2025-10-17,373.6,364.94698547047307,1.8066871951385677,-2.3161173794237118,8.653014529526956,2.32
2025-10-20,403.0,378.95867481376155,7.869379014989297,1.4343348002573677,24.041325186238453,5.97
2025-10-21,441.5,467.79239386988314,9.553349875930529,5.955242099633795,26.292393869883142,5.96
2025-10-22,444.3,456.7689862848546,0.6342015855039573,2.806434005143964,12.468986284854566,2.81
2025-10-23,440.88,428.4691401905684,-0.7697501688048614,-2.8150199168552845,12.4108598094316,2.82
2025-10-24,494.0,525.4256168848156,12.048630012701867,6.3614609078573965,31.425616884815554,6.36
2025-10-27,508.94,507.3752565075643,3.0242914979757174,2.707541803150663,1.5647434924356958,0.31
2025-10-28,513.0,520.1170501892717,0.7977364718827262,1.3873392181816222,7.117050189271708,1.39
2025-10-29,520.72,538.3622051312275,1.5048732943469867,3.388040622835192,17.642205131227456,3.39
2025-10-30,514.74,484.9084088237435,-1.148409893992941,-5.795467843232788,29.831591176256495,5.8
2025-10-31,473.01,446.059049594687,-8.107005478494,-5.697754890026224,26.950950405312994,5.7
2025-11-03,480.0,467.03844078636956,1.4777700260036886,-1.2624594012030195,12.961559213630437,2.7
2025-11-04,477.8,474.20864132845054,-0.45833333333332726,-0.7516447617307358,3.5913586715494716,0.75
2025-11-05,477.01,479.3580801165377,-0.1653411469234034,0.4922496628032278,2.3480801165376874,0.49
2025-11-06,496.88,506.0259762976563,4.1655311209408685,1.8406811096555105,9.145976297656318,1.84
2025-11-07,490.05,508.8718332016065,-1.374577362743512,3.840798531089988,18.821833201606466,3.84
2025-11-10,490.0,488.9350134856284,-0.01020304050607379,-0.22752505139712487,1.0649865143715829,0.22
2025-11-11,468.05,455.03252746342093,-4.479591836734686,-2.7812140875075477,13.017472536579078,2.78
2025-11-12,491.75,489.0586786593615,5.063561585300702,-0.5472946295146894,2.691321340638524,0.55
2025-11-13,481.0,488.26246714865215,-2.186070157600406,1.5098684300732115,7.262467148652149,1.51
2025-11-14,462.82,448.77999935857633,-3.7796257796257837,-3.033576907096428,14.04000064142366,3.03
2025-11-17,483.2,462.54394177580446,4.403439782204743,-0.0596469954184141,20.656058224195533,4.27
2025-11-18,472.91,473.4216338533719,-2.129552980132443,0.10818841922815435,0.5116338533718476,0.11
2025-11-19,488.6,490.7530697865679,3.317756021230256,0.4406610287695153,2.153069786567869,0.44
2025-11-20,492.0,499.82122305108646,0.6958657388456801,1.5896794819281432,7.821223051086463,1.59
2025-11-21,464.01,437.4031990769003,-5.689024390243902,-5.734100757117235,26.606800923099684,5.73
